model,group,n,success_rate,mean_reward,mean_turns,invalid_call_rate
qwen3-4b,control,30,0.1667,0.1667,2.1667,0.6571
qwen3-4b,seen,120,0.125,0.1159,2.8,0.6343
qwen3-4b,heldout,58,0.0345,0.0345,2.0862,0.8571
qwen3-1.7b-thinking,control,30,0.5333,0.528,2.9333,0.1875
qwen3-1.7b-thinking,seen,120,0.2417,0.2231,4.3,0.6185
qwen3-1.7b-thinking,heldout,58,0.1034,0.0981,3.0345,0.5
qwen3-4b-thinking,control,30,0.8667,0.8653,3.0333,0.0
qwen3-4b-thinking,seen,120,0.7917,0.7347,4.4417,0.2943
qwen3-4b-thinking,heldout,58,0.431,0.3981,3.6897,0.3057
qwen3-32b-thinking,control,30,0.9667,0.9623,3.3333,0.0143
qwen3-32b-thinking,seen,120,0.8,0.7402,4.7,0.3063
qwen3-32b-thinking,heldout,58,0.3793,0.354,3.6552,0.2662
